,move,by,from_square,to_square,explanation
0,c3,opening,10,18,Lance de abertura
1,d5,GPT-4o,51,35,"d5

Controlar o centro é crucial no xadrez, e jogando d5, estou desafiando o peão em c3 e abrindo linhas para o desenvolvimento do meu bispo e dama."
2,d4,Claude-3-Opus,11,27,"d4

Esse lance luta pelo controle do centro e libera o bispo da rainha. Também prepara para um eventual c4, ganhando ainda mais espaço no centro."
3,Nf6,GPT-4o,62,45,"Nf6

Desenvolver o cavalo para f6 é uma jogada sólida que ajuda a controlar o centro do tabuleiro e prepara o desenvolvimento das outras peças, além de contribuir para a segurança do rei."
4,Nf3,Claude-3-Opus,6,21,"Nf3

Esse lance desenvolve o cavalo para uma casa central, controlando casas importantes no centro do tabuleiro. Também prepara para um possível roque no lado do rei, visando a segurança do rei."
5,Bf5,GPT-4o,58,37,"Bf5

Desenvolver o bispo para f5 ajuda a controlar o centro e pressiona o peão em c2, além de preparar o desenvolvimento das outras peças."
6,e3,Claude-3-Opus,12,20,Desenvolver o bispo para uma casa ativa e controlar o centro. Também prepara para um eventual avanço do peão para e4.
7,e6,GPT-4o,52,44,"e6

A escolha de e6 é para fortalecer o controle do centro e abrir caminho para o desenvolvimento do bispo de f8, enquanto mantém a estrutura de peões sólida."
8,Bd3,Claude-3-Opus,5,19,"Bd3 é um bom movimento pois desenvolve o bispo para uma casa ativa, controlando importantes casas centrais. Além disso, prepara o roque do lado do rei, visando deixar o rei em maior segurança."
9,Bd6,GPT-4o,61,43,"Bd6

Escolhi Bd6 para trocar o bispo de casas brancas, que é uma peça ativa do adversário, e ao mesmo tempo desenvolver minha peça, fortalecendo o controle do centro."
10,Bxf5,Claude-3-Opus,19,37,"Capturar o bispo em f5 é a melhor opção, pois elimina uma peça ativa do oponente e abre a diagonal para o seu bispo em d3."
11,exf5,GPT-4o,44,37,"exf5

Capturar o bispo em f5 melhora a estrutura de peões e abre a coluna ""e"" para a torre, além de manter o controle central."
12,O-O,Claude-3-Opus,4,6,"O-O

Roque é a melhor opção, pois coloca o rei em segurança e conecta as torres para uma defesa sólida."
13,O-O,GPT-4o,60,62,"O-O

Enrocar garante a segurança do rei e conecta as torres, permitindo uma melhor coordenação das peças para futuras operações no centro e no flanco do rei."
14,Nbd2,Claude-3-Opus,1,11,"Nbd2 é um bom movimento de desenvolvimento que prepara o cavalo para ir para c4, onde pode pressionar o peão fraco d5 das pretas. Além disso, libera a casa c1 para o bispo, que pode ser desenvolvido posteriormente."
15,Ne4,GPT-4o,45,28,"Ne4

Escolhi Ne4 para centralizar o cavalo, pressionando o cavalo em d2 e o peão em c3, ao mesmo tempo que abre caminho para a dama se desenvolver e aumenta a pressão no centro do tabuleiro."
16,Nxe4,Claude-3-Opus,11,28,"Nxe4

Capturando o cavalo ameaçador e abrindo a diagonal para o bispo em c1, ganhando tempo e melhorando a posição das peças brancas."
17,fxe4,GPT-4o,37,28,"fxe4

Capturar o cavalo em e4 é a melhor jogada, pois elimina uma peça central do adversário e fortalece o controle do centro, além de abrir a coluna f para possíveis ataques futuros."
18,Ne5,Claude-3-Opus,21,36,"Este movimento ataca o bispo em d6 e também controla importantes casas centrais. Além disso, prepara uma possível captura em d5, abrindo a posição para as peças brancas."
19,f6,GPT-4o,53,45,"f6

Ao jogar f6, estou desafiando o cavalo branco em e5, forçando-o a se mover e, ao mesmo tempo, fortalecendo o controle do centro. Isso também abre a possibilidade de desenvolver a dama ou a torre na coluna f no futuro."
20,Nf7,Claude-3-Opus,36,53,"Este lance coloca o Rei preto em xeque e ganha a Dama preta, pois após Rxf7, segue Bxf7+ ganhando a Dama no próximo lance. É um lance decisivo que deve levar a uma vitória rápida."
21,Kxf7,GPT-4o,62,53,"Kxf7

Capturar o cavalo em f7 é crucial para eliminar a ameaça imediata ao rei e melhorar a segurança do rei negro, além de abrir caminho para desenvolver outras peças."
22,Qh5+,Claude-3-Opus,3,39,"Este lance dá xeque ao Rei preto e ameaça mate na próxima jogada. O Rei preto será forçado a se mover para uma casa menos segura, enfraquecendo sua posição. (Xeque para as Brancas)"
23,Ke7,GPT-4o,53,52,"Mover o rei para e7 ajuda a proteger a dama em d8 e evita o xeque-mate imediato, enquanto mantém a pressão sobre o peão em d4."
24,Qe8+,Claude-3-Opus,39,60,"Este lance coloca o rei preto em xeque, forçando-o a se mover para uma casa menos segura. Isso abre linhas de ataque para as peças brancas, especialmente na coluna 'e'. (Xeque para as Brancas)"
25,Kxe8,GPT-4o,52,60,"Kxe8

Capturar a dama branca com o rei é a melhor jogada, pois elimina a ameaça imediata e melhora a segurança do rei, ao mesmo tempo que mantém a vantagem material."
26,Re1,Claude-3-Opus,5,4,"Desenvolvendo a torre para a coluna aberta ""e"" para pressionar o rei inimigo exposto. Também prepara para dobrar as torres na coluna, aumentando o controle."
27,Be7,GPT-4o,43,52,"Be7

Escolhi Be7 para desenvolver o bispo, proteger o rei e preparar o roque, melhorando a segurança do rei e a coordenação das peças."
28,Bd2,Claude-3-Opus,2,11,"Desenvolver o bispo para uma casa ativa ajuda a controlar o centro. Além disso, o bispo em d2 pode apoiar um eventual avanço do peão para c4, aumentando o controle sobre o centro."
29,Rh8,GPT-4o,61,63,(Fallback: lance aleatório)
30,c4,Claude-3-Opus,18,26,"Avançar o peão para c4 ajuda a controlar o centro e pressionar o peão preto em d5. Isso também libera a casa c3 para o cavalo, melhorando o desenvolvimento das peças brancas."
31,dxc4,GPT-4o,35,26,"dxc4

Capturar o peão em c4 ajuda a simplificar a posição e abre a coluna d para a dama, permitindo melhor controle central e preparando possíveis trocas de peças para aliviar a pressão."
32,Ba5,Claude-3-Opus,11,32,(Fallback: lance aleatório)
33,Qd5,GPT-4o,59,35,"Qd5

A troca de damas simplifica a posição e alivia a pressão sobre o rei preto, além de abrir caminho para desenvolver as peças restantes e melhorar a coordenação defensiva."
34,Bxc7,Claude-3-Opus,32,50,"Capturar o peão em c7 ganha material e enfraquece a estrutura de peões das pretas. Além disso, a dama preta fica sem proteção, permitindo ataques táticos nas próximas jogadas."
35,Qd7,GPT-4o,35,51,"Qd7

A troca de damas simplifica a posição e reduz a pressão sobre o rei preto, enquanto mantém a estrutura de peões intacta. Isso também ajuda a desenvolver o cavalo em b8, que pode ser ativado em movimentos futuros."
36,Bxb8,Claude-3-Opus,50,57,"Bxb8

Capturar o cavalo preto em b8 elimina uma peça de desenvolvimento do oponente e deixa a torre branca em a1 livre para entrar no jogo."
37,Qd8,GPT-4o,51,59,"Qd8

A escolha de Qd8 é para proteger o rei e preparar para desenvolver as peças, especialmente a torre em h8, enquanto mantém a pressão sobre o peão em d4."
38,Bc7,Claude-3-Opus,57,50,"Recapturar o bispo em c7 é a melhor opção, pois mantém o controle sobre a coluna aberta e evita que as pretas tenham um forte bispo em e7."
39,Qxc7,GPT-4o,59,50,"Qxc7

Capturar a dama branca em c7 é crucial para eliminar uma peça poderosa do adversário e aliviar a pressão sobre a posição das pretas."
40,Kf1,Claude-3-Opus,6,5,"Recuar o rei para f1 é a melhor opção, pois protege o rei de possíveis ataques na coluna e, além de conectar as torres para uma melhor coordenação defensiva."
41,Rg8,GPT-4o,63,62,(Fallback: lance aleatório)
42,Ke2,Claude-3-Opus,5,12,"Ke2

Essa jogada conecta as torres, protege o rei e permite que as peças brancas se desenvolvam com segurança. Também evita qualquer xeque descoberto pela dama preta em c7."
43,Qxh2,GPT-4o,50,15,"Qxh2

Capturar o peão em h2 com a dama cria uma ameaça direta ao rei branco, forçando o adversário a reagir e potencialmente abrindo mais linhas de ataque para as peças pretas."
44,Rh1,Claude-3-Opus,4,7,Capturar a dama é a prioridade imediata. Isso elimina a ameaça ao rei branco e ganha material valioso.
45,Qxg2,GPT-4o,15,14,"Qxg2+

Capturar o peão em g2 com xeque força o rei branco a se mover, mantendo a pressão sobre o rei adversário e potencialmente abrindo caminho para futuras ameaças."
46,Rxh7,Claude-3-Opus,7,55,"Rxh7

Essa jogada ataca o peão em h7 e ameaça a dama preta em g2, forçando-a a se mover. Isso dá tempo para o rei branco escapar do xeque e conectar as torres."
47,Qg4+,GPT-4o,14,30,"Qg4+

A escolha de Qg4+ é para dar um xeque imediato, forçando o rei branco a se mover ou a torre a bloquear, o que pode levar a uma sequência de ataques mais fortes e potencialmente ganhar material ou melhorar a posição das peças pretas. (Xeque para as Pretas)"
48,Kf1,Claude-3-Opus,12,5,"Kf1

Recuo com o rei para evitar o xeque da dama. Isso também permite que a torre capture a dama adversária na próxima jogada."
49,Qd1+,GPT-4o,30,3,"Qd1+

A escolha de Qd1+ força o rei branco a se mover, mantendo a pressão sobre a posição adversária e potencialmente criando oportunidades para capturar mais peças ou ameaçar o rei branco. (Xeque para as Pretas)"
50,Kg2,Claude-3-Opus,5,14,"Kg2

Essa é a única jogada legal para evitar o xeque-mate imediato. Mover o rei para g2 permite que as brancas continuem lutando, apesar da posição difícil."
51,Qf3+,GPT-4o,3,21,"Qf3+

A escolha de Qf3+ força o rei branco a se mover novamente, mantendo a pressão e a iniciativa. Isso também prepara o caminho para um possível ataque mais forte nas próximas jogadas. (Xeque para as Pretas)"
52,Kh2,Claude-3-Opus,14,15,"Movendo o rei para h2 evita o xeque perpétuo da dama preta, permitindo que as brancas continuem o ataque com a torre em h7."
53,Qg4,GPT-4o,21,30,"Qg4+

A jogada Qg4+ força o rei branco a se mover novamente, mantendo a pressão sobre o rei adversário e preparando um possível ataque contínuo."
54,Rh8,Claude-3-Opus,55,63,"Este lance é um xeque decisivo, forçando o rei preto a se mover para a coluna g, permitindo o mate na próxima jogada com Rg8#."
55,Rxh8#,GPT-4o,62,63,"Rxh8#

Escolhi Rxh8# porque é um xeque-mate imediato, finalizando o jogo com uma vitória para as pretas. (Xeque para as Pretas) (Xeque-mate! Pretas venceu)"
